Workbook

Sheet הוראות שימוש
A1: מעקב הזמנות רכש - מלון
A2: קובץ עבודה למחלקת הנהלת חשבונות / רכש למעקב אחר הזמנות ספקים בכל מחלקות המלון
A4: איך להשתמש בקובץ:
A5: 1. בכל גיליון מחלקה (מטבח, משק בית, אחזקה, קבלה, ספא) יש טבלת הזמנות מוכנה - פשוט הוסיפו שורה חדשה לכל הזמנה חדשה.
A6: 2. השורה הראשונה בכל טבלה (מסומנת בצהוב) היא שורת דוגמה בלבד - יש למחוק אותה או לדרוס אותה בנתונים אמיתיים.
A7: 3. את העמודה "סה"כ" אין למלא ידנית - היא מחושבת אוטומטית (כמות × מחיר ליחידה).
A8: 4. בעמודת "סטטוס" יש רשימה נפתחת: ממתין לאישור / הוזמן / בדרך / התקבל / בוטל.
A9: 5. גיליון "סיכום כללי" מרכז אוטומטית את כל ההוצאות לפי מחלקה - אין צורך לגעת בו, הוא מתעדכן לבד.
A10: 6. אפשר להוסיף שורות באמצע הטבלה (לא רק בסוף) - הנוסחאות בעמודת סה"כ יתעתקו אוטומטית אם מעתיקים שורה קיימת.
A12: מקרא צבעים:
A13: צהוב = שורת דוגמה להמחשה בלבד
A14: כחול בהיר = שורות סיכום מחושבות אוטומטית

Sheet סיכום כללי
A1: סיכום הוצאות רכש לפי מחלקה
A3: מחלקה | B3: סה"כ הזמנות (₪) | C3: הערה
A4: מטבח ומזון | B4: ='מטבח ומזון'!I66 -> 250 | C4: מתעדכן אוטומטית מהגיליון המתאים
A5: משק בית ואחזקת חדרים | B5: ='משק בית ואחזקת חדרים'!I66 -> 250 | C5: מתעדכן אוטומטית מהגיליון המתאים
A6: אחזקה טכנית | B6: ='אחזקה טכנית'!I66 -> 250 | C6: מתעדכן אוטומטית מהגיליון המתאים
A7: קבלה ומשרד | B7: ='קבלה ומשרד'!I66 -> 250 | C7: מתעדכן אוטומטית מהגיליון המתאים
A8: בריכה, ספא ובידור | B8: ='בריכה, ספא ובידור'!I66 -> 250 | C8: מתעדכן אוטומטית מהגיליון המתאים
A9: אבטחה | B9: =אבטחה!I66 -> 250 | C9: מתעדכן אוטומטית מהגיליון המתאים
A11: סה"כ כללי - כל המלון | B11: =SUM(B4:B9) -> 1500

Sheet מטבח ומזון
A1: הזמנות רכש - מטבח ומזון
A3: תאריך הזמנה | B3: מס' הזמנה | C3: שם ספק | D3: איש קשר / טלפון | E3: פריט | F3: כמות | G3: יחידת מידה | H3: מחיר ליחידה | I3: סה"כ | J3: סטטוס | K3: תאריך אספקה משוער | L3: מאשר/ת הזמנה | M3: הערות
A4: 01/07/2026 | B4: KIT-0001 | C4: ספק לדוגמה בע"מ | D4: 050-1234567 | E4: ירקות טריים | F4: 10 | G4: יחידה | H4: 25 | I4: =F4*H4 -> 250 | J4: הוזמן | K4: 05/07/2026 | L4: שם המזמין/ת | M4: שורת דוגמה - למחוק/לדרוס
I5: =F5*H5 -> 0
I6: =F6*H6 -> 0
I7: =F7*H7 -> 0
I8: =F8*H8 -> 0
I9: =F9*H9 -> 0
I10: =F10*H10 -> 0
I11: =F11*H11 -> 0
I12: =F12*H12 -> 0
I13: =F13*H13 -> 0
I14: =F14*H14 -> 0
I15: =F15*H15 -> 0
I16: =F16*H16 -> 0
... I64: =F64*H64 -> 0
E66: סה"כ מחלקה: | I66: =SUM(I4:I64) -> 250

Sheet משק בית ואחזקת חדרים
A1: הזמנות רכש - משק בית ואחזקת חדרים
A3: תאריך הזמנה | B3: מס' הזמנה | C3: שם ספק | D3: איש קשר / טלפון | E3: פריט | F3: כמות | G3: יחידת מידה | H3: מחיר ליחידה | I3: סה"כ | J3: סטטוס | K3: תאריך אספקה משוער | L3: מאשר/ת הזמנה | M3: הערות
A4: 01/07/2026 | B4: HSK-0001 | C4: ספק לדוגמה בע"מ | D4: 050-1234567 | E4: מגבות ומצעים | F4: 10 | G4: יחידה | H4: 25 | I4: =F4*H4 -> 250 | J4: הוזמן | K4: 05/07/2026 | L4: שם המזמין/ת | M4: שורת דוגמה - למחוק/לדרוס
I5: =F5*H5 -> 0
I6: =F6*H6 -> 0
I7: =F7*H7 -> 0
I8: =F8*H8 -> 0
I9: =F9*H9 -> 0
I10: =F10*H10 -> 0
I11: =F11*H11 -> 0
I12: =F12*H12 -> 0
I13: =F13*H13 -> 0
I14: =F14*H14 -> 0
I15: =F15*H15 -> 0
I16: =F16*H16 -> 0
... I64: =F64*H64 -> 0
E66: סה"כ מחלקה: | I66: =SUM(I4:I64) -> 250

Sheet אחזקה טכנית
A1: הזמנות רכש - אחזקה טכנית
A3: תאריך הזמנה | B3: מס' הזמנה | C3: שם ספק | D3: איש קשר / טלפון | E3: פריט | F3: כמות | G3: יחידת מידה | H3: מחיר ליחידה | I3: סה"כ | J3: סטטוס | K3: תאריך אספקה משוער | L3: מאשר/ת הזמנה | M3: הערות
A4: 01/07/2026 | B4: MNT-0001 | C4: ספק לדוגמה בע"מ | D4: 050-1234567 | E4: חלקי חילוף | F4: 10 | G4: יחידה | H4: 25 | I4: =F4*H4 -> 250 | J4: הוזמן | K4: 05/07/2026 | L4: שם המזמין/ת | M4: שורת דוגמה - למחוק/לדרוס
I5: =F5*H5 -> 0
I6: =F6*H6 -> 0
I7: =F7*H7 -> 0
I8: =F8*H8 -> 0
I9: =F9*H9 -> 0
I10: =F10*H10 -> 0
I11: =F11*H11 -> 0
I12: =F12*H12 -> 0
I13: =F13*H13 -> 0
I14: =F14*H14 -> 0
I15: =F15*H15 -> 0
I16: =F16*H16 -> 0
... I64: =F64*H64 -> 0
E66: סה"כ מחלקה: | I66: =SUM(I4:I64) -> 250

Sheet קבלה ומשרד
A1: הזמנות רכש - קבלה ומשרד
A3: תאריך הזמנה | B3: מס' הזמנה | C3: שם ספק | D3: איש קשר / טלפון | E3: פריט | F3: כמות | G3: יחידת מידה | H3: מחיר ליחידה | I3: סה"כ | J3: סטטוס | K3: תאריך אספקה משוער | L3: מאשר/ת הזמנה | M3: הערות
A4: 01/07/2026 | B4: OFC-0001 | C4: ספק לדוגמה בע"מ | D4: 050-1234567 | E4: ציוד משרדי | F4: 10 | G4: יחידה | H4: 25 | I4: =F4*H4 -> 250 | J4: הוזמן | K4: 05/07/2026 | L4: שם המזמין/ת | M4: שורת דוגמה - למחוק/לדרוס
I5: =F5*H5 -> 0
I6: =F6*H6 -> 0
I7: =F7*H7 -> 0
I8: =F8*H8 -> 0
I9: =F9*H9 -> 0
I10: =F10*H10 -> 0
I11: =F11*H11 -> 0
I12: =F12*H12 -> 0
I13: =F13*H13 -> 0
I14: =F14*H14 -> 0
I15: =F15*H15 -> 0
I16: =F16*H16 -> 0
... I64: =F64*H64 -> 0
E66: סה"כ מחלקה: | I66: =SUM(I4:I64) -> 250

Sheet בריכה, ספא ובידור
A1: הזמנות רכש - בריכה, ספא ובידור
A3: תאריך הזמנה | B3: מס' הזמנה | C3: שם ספק | D3: איש קשר / טלפון | E3: פריט | F3: כמות | G3: יחידת מידה | H3: מחיר ליחידה | I3: סה"כ | J3: סטטוס | K3: תאריך אספקה משוער | L3: מאשר/ת הזמנה | M3: הערות
A4: 01/07/2026 | B4: SPA-0001 | C4: ספק לדוגמה בע"מ | D4: 050-1234567 | E4: כימיקלים לבריכה | F4: 10 | G4: יחידה | H4: 25 | I4: =F4*H4 -> 250 | J4: הוזמן | K4: 05/07/2026 | L4: שם המזמין/ת | M4: שורת דוגמה - למחוק/לדרוס
I5: =F5*H5 -> 0
I6: =F6*H6 -> 0
I7: =F7*H7 -> 0
I8: =F8*H8 -> 0
I9: =F9*H9 -> 0
I10: =F10*H10 -> 0
I11: =F11*H11 -> 0
I12: =F12*H12 -> 0
I13: =F13*H13 -> 0
I14: =F14*H14 -> 0
I15: =F15*H15 -> 0
I16: =F16*H16 -> 0
... I64: =F64*H64 -> 0
E66: סה"כ מחלקה: | I66: =SUM(I4:I64) -> 250

Sheet אבטחה
A1: הזמנות רכש - אבטחה
A3: תאריך הזמנה | B3: מס' הזמנה | C3: שם ספק | D3: איש קשר / טלפון | E3: פריט | F3: כמות | G3: יחידת מידה | H3: מחיר ליחידה | I3: סה"כ | J3: סטטוס | K3: תאריך אספקה משוער | L3: מאשר/ת הזמנה | M3: הערות
A4: 01/07/2026 | B4: SEC-0001 | C4: ספק לדוגמה בע"מ | D4: 050-1234567 | E4: מצלמות אבטחה | F4: 10 | G4: יחידה | H4: 25 | I4: =F4*H4 -> 250 | J4: הוזמן | K4: 05/07/2026 | L4: שם המזמין/ת | M4: שורת דוגמה - למחוק/לדרוס
I5: =F5*H5 -> 0
I6: =F6*H6 -> 0
I7: =F7*H7 -> 0
I8: =F8*H8 -> 0
I9: =F9*H9 -> 0
I10: =F10*H10 -> 0
I11: =F11*H11 -> 0
I12: =F12*H12 -> 0
I13: =F13*H13 -> 0
I14: =F14*H14 -> 0
I15: =F15*H15 -> 0
I16: =F16*H16 -> 0
... I64: =F64*H64 -> 0
E66: סה"כ מחלקה: | I66: =SUM(I4:I64) -> 250
